{"conv": 3.4047619047619047, "detail": 2.4761904761904763, "complex": 2.8, "overall": 2.9805825242718447}
