{"conv": 4.571428571428571, "detail": 2.8095238095238093, "complex": 3.275, "overall": 3.70873786407767}
